<?xml version="1.0" encoding="utf-8"?>
<items>
<item><author>tishka</author><permalink>threads/kompanija.108082/</permalink><article>&lt;article&gt;
				&lt;blockquote class="messageText SelectQuoteContainer ugc baseHtml"&gt;
					




&lt;div class="topbanner" style="float:right; width:300px; padding:10px 0 10px 10px; background-color:#fff"&gt;
&lt;center&gt;

&lt;script async src="//pagead2.googlesyndication.com/pagead/js/adsbygoogle.js"&gt;&lt;/script&gt;
&lt;!-- Адсенс ЛФ --&gt;
&lt;ins class="adsbygoogle" style="display:inline-block;width:240px;height:400px" data-ad-client="ca-pub-4702748447469324" data-ad-slot="7662530708"&gt;&lt;/ins&gt;
&lt;script&gt;
(adsbygoogle = window.adsbygoogle || []).push({});
&lt;/script&gt;

&lt;/center&gt;&lt;/div&gt;


					Привіт.&lt;br&gt;
Не знаю, може така тема була, але я чесно шукав і не знайшов.&lt;br&gt;
Отже цікаво, чи катає хтось компанією. Я в місті відносно недавно.&lt;br&gt;
Використовую ровер для задоволення. Тобто для відвідин цікавих місць та фізичної нагрузки.&lt;br&gt;
Але ніде не бачив теми накшталт: "А давайте зберемось і поїдемо до ...". На форумах інших міст таке зустрічається.&lt;br&gt;
Ну, наприклад, одноденні поїздки.&lt;br&gt;
Чи було б таке кому цікаво? Чи всі горді одиночки?
					&lt;div class="messageTextEndMarker"&gt; &lt;/div&gt;
				&lt;/blockquote&gt;
			&lt;/article&gt;</article></item>
<item><author>Chaotic</author><permalink>threads/kompanija.108082/#post-2930899</permalink><article>&lt;article&gt;
				&lt;blockquote class="messageText SelectQuoteContainer ugc baseHtml"&gt;
					





					&lt;div class="bbCodeBlock bbCodeQuote" data-author="tishka"&gt;
	&lt;aside&gt;
		
			&lt;div class="attribution type"&gt;Цитата від tishka:
				
					&lt;a href="goto/post?id=2930791#post-2930791" class="AttributionLink"&gt;↑&lt;/a&gt;
				
			&lt;/div&gt;
		
		&lt;blockquote class="quoteContainer"&gt;&lt;div class="quote"&gt;Але ніде не бачив теми накшталт: "А давайте зберемось і поїдемо до ...". На форумах інших міст таке зустрічається.&lt;/div&gt;&lt;div class="quoteExpand"&gt;Натисніть, щоб розгорнути...&lt;/div&gt;&lt;/blockquote&gt;
	&lt;/aside&gt;
&lt;/div&gt;Бачив таке на Львівському велофорумі, ось тут от: &lt;a href="http://velomax.com.ua/forum/index.php?act=SC&amp;amp;c=1" target="_blank" class="externalLink" rel="nofollow"&gt;&lt;span style="color: #0000ff"&gt;тиць&lt;/span&gt;&lt;/a&gt;.&lt;br&gt;
Я поки катаюсь сам, бо &lt;span style="text-decoration: line-through"&gt;гордий одинак&lt;/span&gt; довго не їздив - темп „печальний“.
					&lt;div class="messageTextEndMarker"&gt; &lt;/div&gt;
				&lt;/blockquote&gt;
			&lt;/article&gt;</article></item>
<item><author>@muravey</author><permalink>threads/kompanija.108082/#post-2933419</permalink><article>&lt;article&gt;
				&lt;blockquote class="messageText SelectQuoteContainer ugc baseHtml"&gt;
					





					Я в основному теж їжджу сам, бо це мені зручніше, не підлаштовуєшся ні під кого. Але час від часу дуже кльово проїхатися веселою компанією. Цілком можна зібрати велотусовку і на ЛФ. Придумати маршрут, покликати &lt;a href="http://forum.lvivport.com/members/39412/" class="username" data-user="39412, @muravey"&gt;@muravey&lt;/a&gt; , &lt;a href="http://forum.lvivport.com/members/54237/" class="username" data-user="54237, @ArtCool"&gt;@ArtCool&lt;/a&gt; , хто тут в нас ще є, і виїхати пару разів за сезон
					&lt;div class="messageTextEndMarker"&gt; &lt;/div&gt;
				&lt;/blockquote&gt;
			&lt;/article&gt;</article></item>
<item><author>muravey</author><permalink>threads/kompanija.108082/#post-2933439</permalink><article>&lt;article&gt;
				&lt;blockquote class="messageText SelectQuoteContainer ugc baseHtml"&gt;
					





					Именно так &lt;img src="styles/smiles_s/smile.gif" class="mceSmilie" alt=":)" title="Smile    :)"&gt;&lt;br&gt;
Ваша инициатива - с вас маршрут и планирование дат &lt;img src="styles/smiles_s/smile.gif" class="mceSmilie" alt=":)" title="Smile    :)"&gt;
					&lt;div class="messageTextEndMarker"&gt; &lt;/div&gt;
				&lt;/blockquote&gt;
			&lt;/article&gt;</article></item>
<item><author>tishka</author><permalink>threads/kompanija.108082/#post-2935270</permalink><article>&lt;article&gt;
				&lt;blockquote class="messageText SelectQuoteContainer ugc baseHtml"&gt;
					





					Ну я буду їздити в будь-якому випадку, хіба що робота нападе.&lt;br&gt;
Але я можу і в вихідні, і в звичайні дні.&lt;br&gt;
Тоді було б цікаво хто коли може. І яку відстань планувати.&lt;br&gt;
І як стане погода можемо кудись спробувати виїхати.
					&lt;div class="messageTextEndMarker"&gt; &lt;/div&gt;
				&lt;/blockquote&gt;
			&lt;/article&gt;</article></item>
<item><author>muravey</author><permalink>threads/kompanija.108082/#post-2935824</permalink><article>&lt;article&gt;
				&lt;blockquote class="messageText SelectQuoteContainer ugc baseHtml"&gt;
					





					Маршрут планируйте до 50 км, их можно в режиме прогулки, с термосом / жаркой сосисок и пр. осилить не напрягаясь. Если ездите на машине - наверно не очень важно как далеко от Львова, если электричками - старайтесь планировать финиш маршрута так, чтоб в нее можно было с велосипедом влезть или вообще во Львове закончить))
					&lt;div class="messageTextEndMarker"&gt; &lt;/div&gt;
				&lt;/blockquote&gt;
			&lt;/article&gt;</article></item>
<item><author>Kergudu</author><permalink>threads/kompanija.108082/#post-2935825</permalink><article>&lt;article&gt;
				&lt;blockquote class="messageText SelectQuoteContainer ugc baseHtml"&gt;
					





					так, дівчата, біжимо всі ровери купувати &lt;img src="/images/smilies/kolobok/biggrin.gif" class="mceSmilie" alt=":)))" title="ololo    :)))"&gt;
					&lt;div class="messageTextEndMarker"&gt; &lt;/div&gt;
				&lt;/blockquote&gt;
			&lt;/article&gt;</article></item>
<item><author>KARABIN</author><permalink>threads/kompanija.108082/#post-2935827</permalink><article>&lt;article&gt;
				&lt;blockquote class="messageText SelectQuoteContainer ugc baseHtml"&gt;
					





					&lt;div class="bbCodeBlock bbCodeQuote" data-author="Kergudu"&gt;
	&lt;aside&gt;
		
			&lt;div class="attribution type"&gt;Цитата від Kergudu:
				
					&lt;a href="goto/post?id=2935825#post-2935825" class="AttributionLink"&gt;↑&lt;/a&gt;
				
			&lt;/div&gt;
		
		&lt;blockquote class="quoteContainer"&gt;&lt;div class="quote"&gt;біжимо всі ровери купувати&lt;/div&gt;&lt;div class="quoteExpand"&gt;Натисніть, щоб розгорнути...&lt;/div&gt;&lt;/blockquote&gt;
	&lt;/aside&gt;
&lt;/div&gt;ти ж не вмієш їздити.. &lt;img src="styles/smiles_s/smile.gif" class="mceSmilie" alt=":)" title="Smile    :)"&gt;
					&lt;div class="messageTextEndMarker"&gt; &lt;/div&gt;
				&lt;/blockquote&gt;
			&lt;/article&gt;</article></item>
<item><author>Kergudu</author><permalink>threads/kompanija.108082/#post-2935830</permalink><article>&lt;article&gt;
				&lt;blockquote class="messageText SelectQuoteContainer ugc baseHtml"&gt;
					





					&lt;div class="bbCodeBlock bbCodeQuote" data-author="KARABIN"&gt;
	&lt;aside&gt;
		
			&lt;div class="attribution type"&gt;Цитата від KARABIN:
				
					&lt;a href="goto/post?id=2935827#post-2935827" class="AttributionLink"&gt;↑&lt;/a&gt;
				
			&lt;/div&gt;
		
		&lt;blockquote class="quoteContainer"&gt;&lt;div class="quote"&gt;ти ж не вмієш їздити.. &lt;img src="styles/smiles_s/smile.gif" class="mceSmilie" alt=":)" title="Smile    :)"&gt;&lt;/div&gt;&lt;div class="quoteExpand"&gt;Натисніть, щоб розгорнути...&lt;/div&gt;&lt;/blockquote&gt;
	&lt;/aside&gt;
&lt;/div&gt;я все дитинство відкатала))) та й досі беру в племінника велосипед, коли буваю в гостях)) правда останнього разу чуть палець на нозі не зламала, але то просто не звикла до сучасних роверів &lt;img src="/images/smilies/kolobok/biggrin.gif" class="mceSmilie" alt=":)))" title="ololo    :)))"&gt;&lt;img src="/images/smilies/kolobok/biggrin.gif" class="mceSmilie" alt=":)))" title="ololo    :)))"&gt;
					&lt;div class="messageTextEndMarker"&gt; &lt;/div&gt;
				&lt;/blockquote&gt;
			&lt;/article&gt;</article></item>
<item><author>Dzeko</author><permalink>threads/kompanija.108082/#post-2935831</permalink><article>&lt;article&gt;
				&lt;blockquote class="messageText SelectQuoteContainer ugc baseHtml"&gt;
					





					Дівчатам не треба ровери, їх можна возити на рамі. Проте існує небезпека що водій ровера забачивши перед собою таку красу і з поганов видимістю дороги може врізатися в стовп.
					&lt;div class="messageTextEndMarker"&gt; &lt;/div&gt;
				&lt;/blockquote&gt;
			&lt;/article&gt;</article></item>
<item><author>Kergudu</author><permalink>threads/kompanija.108082/#post-2935832</permalink><article>&lt;article&gt;
				&lt;blockquote class="messageText SelectQuoteContainer ugc baseHtml"&gt;
					





					на рамі...ага...ми колись подушку прив"язували до рами і то...було боляче &lt;img src="/images/smilies/kolobok/biggrin.gif" class="mceSmilie" alt=":)))" title="ololo    :)))"&gt;&lt;br&gt;
&lt;br&gt;
ой, я щось не по темі) тікаю)
					&lt;div class="messageTextEndMarker"&gt; &lt;/div&gt;
				&lt;/blockquote&gt;
			&lt;/article&gt;</article></item>
<item><author>Picasso</author><permalink>threads/kompanija.108082/#post-2935840</permalink><article>&lt;article&gt;
				&lt;blockquote class="messageText SelectQuoteContainer ugc baseHtml"&gt;
					





					&lt;div class="bbCodeBlock bbCodeQuote" data-author="MARTINI"&gt;
	&lt;aside&gt;
		
			&lt;div class="attribution type"&gt;Цитата від MARTINI:
				
					&lt;a href="goto/post?id=2933419#post-2933419" class="AttributionLink"&gt;↑&lt;/a&gt;
				
			&lt;/div&gt;
		
		&lt;blockquote class="quoteContainer"&gt;&lt;div class="quote"&gt;Цілком можна зібрати велотусовку і на ЛФ.&lt;/div&gt;&lt;div class="quoteExpand"&gt;Натисніть, щоб розгорнути...&lt;/div&gt;&lt;/blockquote&gt;
	&lt;/aside&gt;
&lt;/div&gt;Пиво цмулити трохи незручно на ходу. До того ж небезпека вколотися в око шомпуром &lt;img src="images/smilies/kolobok/rock.gif" class="mceSmilie" alt=":rock:" title="rock    :rock:"&gt;&lt;img src="styles/smiles_s/crazy.gif" class="mceSmilie" alt=":crazy:" title="Crazy    :crazy:"&gt;&lt;img src="/images/smilies/kolobok/cool.gif" class="mceSmilie" alt=":cools:" title="Cool    :cools:"&gt;
					&lt;div class="messageTextEndMarker"&gt; &lt;/div&gt;
				&lt;/blockquote&gt;
			&lt;/article&gt;</article></item>
<item><author>Picasso</author><permalink>threads/kompanija.108082/#post-2935842</permalink><article>&lt;article&gt;
				&lt;blockquote class="messageText SelectQuoteContainer ugc baseHtml"&gt;
					





					А нема чо по аеробіках швендяти. І м'якше на ровері їздити і є на що подивитися ))))&lt;img src="images/smilies/kolobok/blush.gif" class="mceSmilie" alt=":blush:" title="blush    :blush:"&gt;&lt;img src="/images/smilies/kolobok/blum1.gif" class="mceSmilie" alt=":tongue:" title="tongue    :tongue:"&gt;
					&lt;div class="messageTextEndMarker"&gt; &lt;/div&gt;
				&lt;/blockquote&gt;
			&lt;/article&gt;</article></item>
<item><author>Dzeko</author><permalink>threads/kompanija.108082/#post-2935850</permalink><article>&lt;article&gt;
				&lt;blockquote class="messageText SelectQuoteContainer ugc baseHtml"&gt;
					





					&lt;div class="bbCodeBlock bbCodeQuote" data-author="Picasso"&gt;
	&lt;aside&gt;
		
			&lt;div class="attribution type"&gt;Цитата від Picasso:
				
					&lt;a href="goto/post?id=2935840#post-2935840" class="AttributionLink"&gt;↑&lt;/a&gt;
				
			&lt;/div&gt;
		
		&lt;blockquote class="quoteContainer"&gt;&lt;div class="quote"&gt;Пиво цмулити трохи незручно на ходу.&lt;/div&gt;&lt;div class="quoteExpand"&gt;Натисніть, щоб розгорнути...&lt;/div&gt;&lt;/blockquote&gt;
	&lt;/aside&gt;
&lt;/div&gt;Нормально.&lt;br&gt;
&lt;br&gt;


	&lt;a href="http://forum.lvivport.com/attachments/gbw3dwuf-png.20330/" target="_blank"&gt;&lt;img src="data/attachments/16/16918-b49346880dd6fcb0ed84a56f9511a0cd.jpg" alt="gbw3dwUF.png" class="bbCodeImage"&gt;&lt;/a&gt;
					&lt;div class="messageTextEndMarker"&gt; &lt;/div&gt;
				&lt;/blockquote&gt;
			&lt;/article&gt;</article></item>
<item><author>Picasso</author><permalink>threads/kompanija.108082/#post-2935853</permalink><article>&lt;article&gt;
				&lt;blockquote class="messageText SelectQuoteContainer ugc baseHtml"&gt;
					





					&lt;img src="http://savepic.ru/1736137.jpg" class="bbCodeImage LbImage" alt="[​IMG]" data-url="http://savepic.ru/1736137.jpg"&gt; Такогой теж не зле. Тіко дівчат на рамі не буде
					&lt;div class="messageTextEndMarker"&gt; &lt;/div&gt;
				&lt;/blockquote&gt;
			&lt;/article&gt;</article></item>
<item><author>muravey</author><permalink>threads/kompanija.108082/#post-2936059</permalink><article>&lt;article&gt;
				&lt;blockquote class="messageText SelectQuoteContainer ugc baseHtml"&gt;
					





					&lt;div class="bbCodeBlock bbCodeQuote" data-author="Picasso"&gt;
	&lt;aside&gt;
		
			&lt;div class="attribution type"&gt;Цитата від Picasso:
				
					&lt;a href="goto/post?id=2935840#post-2935840" class="AttributionLink"&gt;↑&lt;/a&gt;
				
			&lt;/div&gt;
		
		&lt;blockquote class="quoteContainer"&gt;&lt;div class="quote"&gt;Пиво цмулити трохи незручно на ходу.&lt;/div&gt;&lt;div class="quoteExpand"&gt;Натисніть, щоб розгорнути...&lt;/div&gt;&lt;/blockquote&gt;
	&lt;/aside&gt;
&lt;/div&gt;у меня рюкзак с гидросистемой, которая легко превратится в пивосистему &lt;img src="images/smilies/kolobok/rock.gif" class="mceSmilie" alt=":rock:" title="rock    :rock:"&gt;&lt;br&gt;
Но "за рулем" предпочитаю не пить&lt;img src="styles/smiles_s/pardon.gif" class="mceSmilie" alt=":pardon:" title="Pardon    :pardon:"&gt;
					&lt;div class="messageTextEndMarker"&gt; &lt;/div&gt;
				&lt;/blockquote&gt;
			&lt;/article&gt;</article></item>
<item><author>Іспанка</author><permalink>threads/kompanija.108082/#post-2936160</permalink><article>&lt;article&gt;
				&lt;blockquote class="messageText SelectQuoteContainer ugc baseHtml"&gt;
					





					&lt;div class="bbCodeBlock bbCodeQuote" data-author="Picasso"&gt;
	&lt;aside&gt;
		
			&lt;div class="attribution type"&gt;Цитата від Picasso:
				
					&lt;a href="goto/post?id=2935853#post-2935853" class="AttributionLink"&gt;↑&lt;/a&gt;
				
			&lt;/div&gt;
		
		&lt;blockquote class="quoteContainer"&gt;&lt;div class="quote"&gt;Такогой теж не зле. Тіко дівчат на рамі не буде&lt;/div&gt;&lt;div class="quoteExpand"&gt;Натисніть, щоб розгорнути...&lt;/div&gt;&lt;/blockquote&gt;
	&lt;/aside&gt;
&lt;/div&gt;Дівчат можна на коліна посадити&lt;img src="styles/smiles_s/wink3.gif" class="mceSmilie" alt=";)" title="Wink    ;)"&gt;
					&lt;div class="messageTextEndMarker"&gt; &lt;/div&gt;
				&lt;/blockquote&gt;
			&lt;/article&gt;</article></item>
<item><author>Wili</author><permalink>threads/kompanija.108082/#post-2936322</permalink><article>&lt;article&gt;
				&lt;blockquote class="messageText SelectQuoteContainer ugc baseHtml"&gt;
					





					Хтось бере участь у Львівській Сотці 2 травня?
					&lt;div class="messageTextEndMarker"&gt; &lt;/div&gt;
				&lt;/blockquote&gt;
			&lt;/article&gt;</article></item>
<item><author>muravey</author><permalink>threads/kompanija.108082/#post-2936326</permalink><article>&lt;article&gt;
				&lt;blockquote class="messageText SelectQuoteContainer ugc baseHtml"&gt;
					





					&lt;div class="bbCodeBlock bbCodeQuote" data-author="Wili"&gt;
	&lt;aside&gt;
		
			&lt;div class="attribution type"&gt;Цитата від Wili:
				
					&lt;a href="goto/post?id=2936322#post-2936322" class="AttributionLink"&gt;↑&lt;/a&gt;
				
			&lt;/div&gt;
		
		&lt;blockquote class="quoteContainer"&gt;&lt;div class="quote"&gt;Хтось бере участь у Львівській Сотці 2 травня?&lt;/div&gt;&lt;div class="quoteExpand"&gt;Натисніть, щоб розгорнути...&lt;/div&gt;&lt;/blockquote&gt;
	&lt;/aside&gt;
&lt;/div&gt;Мне страшно и побаливает колено, но после Одесской я кажется подсел &lt;img src="styles/smiles_s/smile.gif" class="mceSmilie" alt=":)" title="Smile    :)"&gt; Наверно поеду - посмотрю по результатам разведки, хочу поехать неспеша, когда потеплеет нормально.
					&lt;div class="messageTextEndMarker"&gt; &lt;/div&gt;
				&lt;/blockquote&gt;
			&lt;/article&gt;</article></item>
<item><author>muravey</author><permalink>threads/kompanija.108082/#post-2936330</permalink><article>&lt;article&gt;
				&lt;blockquote class="messageText SelectQuoteContainer ugc baseHtml"&gt;
					





					&lt;a href="http://eco.sii.org.ua/%D0%B2%D0%B5%D0%BB%D0%BE%D0%BF%D1%80%D0%BE%D0%B1%D1%96%D0%B3/" target="_blank" class="externalLink" rel="nofollow"&gt;http://eco.sii.org.ua/велопробіг/&lt;/a&gt;&lt;br&gt;
18.04 можно поучаствовать - обещает быть ненапряжной покатушкой на природу &lt;img src="styles/smiles_s/smile.gif" class="mceSmilie" alt=":)" title="Smile    :)"&gt;
					&lt;div class="messageTextEndMarker"&gt; &lt;/div&gt;
				&lt;/blockquote&gt;
			&lt;/article&gt;</article></item>
<item><author>afftar</author><permalink>threads/velodorizhki.110173/</permalink><article>&lt;article&gt;
				&lt;blockquote class="messageText SelectQuoteContainer ugc baseHtml"&gt;
					




&lt;div class="topbanner" style="float:right; width:300px; padding:10px 0 10px 10px; background-color:#fff"&gt;
&lt;center&gt;

&lt;script async src="//pagead2.googlesyndication.com/pagead/js/adsbygoogle.js"&gt;&lt;/script&gt;
&lt;!-- Адсенс ЛФ --&gt;
&lt;ins class="adsbygoogle" style="display:inline-block;width:240px;height:400px" data-ad-client="ca-pub-4702748447469324" data-ad-slot="7662530708"&gt;&lt;/ins&gt;
&lt;script&gt;
(adsbygoogle = window.adsbygoogle || []).push({});
&lt;/script&gt;

&lt;/center&gt;&lt;/div&gt;


					Дуже цікавий розділ форуму. А теми про велодоріжки ще не було тут.&lt;br&gt;
Користувався багато разів доріжками по вул. Липинського.&lt;br&gt;
&lt;br&gt;
А цього тижня ще зробили ділянку на проспекті Чорновола від Хімічної до залізничного мосту. Ще місяць назад було так.&lt;br&gt;
&lt;img src="https://scontent-waw1-1.xx.fbcdn.net/hphotos-xtp1/v/t1.0-9/12006242_881427545268942_7662207281709998305_n.jpg?oh=105c664cfdb492bbeb0d0a63cebe8701&amp;amp;oe=56977491" class="bbCodeImage LbImage" alt="[​IMG]" data-url="https://scontent-waw1-1.xx.fbcdn.net/hphotos-xtp1/v/t1.0-9/12006242_881427545268942_7662207281709998305_n.jpg?oh=105c664cfdb492bbeb0d0a63cebe8701&amp;amp;oe=56977491"&gt;&lt;br&gt;
Фото звідси&lt;br&gt;
&lt;i&gt;&lt;span style="font-size: 10px"&gt;&lt;a href="https://www.facebook.com/velolviv/posts/881428665268830" target="_blank" class="externalLink" rel="nofollow"&gt;View: https://www.facebook.com/velolviv/posts/881428665268830&lt;/a&gt;&lt;/span&gt;&lt;/i&gt;
					&lt;div class="messageTextEndMarker"&gt; &lt;/div&gt;
				&lt;/blockquote&gt;
			&lt;/article&gt;</article></item>
<item><author>sakrab</author><permalink>threads/velodorizhki.110173/#post-2992152</permalink><article>&lt;article&gt;
				&lt;blockquote class="messageText SelectQuoteContainer ugc baseHtml"&gt;
					





					розрити в нас можуть...
					&lt;div class="messageTextEndMarker"&gt; &lt;/div&gt;
				&lt;/blockquote&gt;
			&lt;/article&gt;</article></item>
<item><author>Hyligan</author><permalink>threads/velodorizhki.110173/#post-2992171</permalink><article>&lt;article&gt;
				&lt;blockquote class="messageText SelectQuoteContainer ugc baseHtml"&gt;
					





					велодоріжки то вже позавчорашній день ) Мобіло доріжки вже люди роблять&lt;br&gt;
&lt;br&gt;
&lt;img src="https://lh3.googleusercontent.com/-eF0jKCet7e4/VikMTsReizI/AAAAAAAICJw/mihKrcDYdxk/w506-h284/image.jpg" class="bbCodeImage LbImage" alt="[​IMG]" data-url="https://lh3.googleusercontent.com/-eF0jKCet7e4/VikMTsReizI/AAAAAAAICJw/mihKrcDYdxk/w506-h284/image.jpg"&gt;
					&lt;div class="messageTextEndMarker"&gt; &lt;/div&gt;
				&lt;/blockquote&gt;
			&lt;/article&gt;</article></item>
<item><author>Veselka alj</author><permalink>threads/velodorizhki.110173/#post-2992474</permalink><article>&lt;article&gt;
				&lt;blockquote class="messageText SelectQuoteContainer ugc baseHtml"&gt;
					





					Хай наші велосипедисти навчаться їздити на велодоріжках .
					&lt;div class="messageTextEndMarker"&gt; &lt;/div&gt;
				&lt;/blockquote&gt;
			&lt;/article&gt;</article></item>
<item><author>Orkokot</author><permalink>threads/velodorizhki.110173/#post-2992914</permalink><article>&lt;article&gt;
				&lt;blockquote class="messageText SelectQuoteContainer ugc baseHtml"&gt;
					





					&lt;div class="bbCodeBlock bbCodeQuote" data-author="Veselka alj"&gt;
	&lt;aside&gt;
		
			&lt;div class="attribution type"&gt;Цитата від Veselka alj:
				
					&lt;a href="goto/post?id=2992474#post-2992474" class="AttributionLink"&gt;↑&lt;/a&gt;
				
			&lt;/div&gt;
		
		&lt;blockquote class="quoteContainer"&gt;&lt;div class="quote"&gt;Хай наші велосипедисти навчаться їздити на велодоріжках .&lt;/div&gt;&lt;div class="quoteExpand"&gt;Натисніть, щоб розгорнути...&lt;/div&gt;&lt;/blockquote&gt;
	&lt;/aside&gt;
&lt;/div&gt;Це правда скільки разів зупиняв на липинського і пояснював що їхати потрібно за велосипедом а не проти нього , маю на увазі розмітку на доріжці, не доходить і все, з обох боків однакова велодоріжка невже так важко переїхати і нікому не заважати, до Європи нам ще дуууже далеко, і що тут дивуватись автомобілістьам якщо велосипедисти туплять
					&lt;div class="messageTextEndMarker"&gt; &lt;/div&gt;
				&lt;/blockquote&gt;
			&lt;/article&gt;</article></item>
<item><author>Veselka alj</author><permalink>threads/velodorizhki.110173/#post-2992918</permalink><article>&lt;article&gt;
				&lt;blockquote class="messageText SelectQuoteContainer ugc baseHtml"&gt;
					





					&lt;div class="bbCodeBlock bbCodeQuote" data-author="Orkokot"&gt;
	&lt;aside&gt;
		
			&lt;div class="attribution type"&gt;Цитата від Orkokot:
				
					&lt;a href="goto/post?id=2992914#post-2992914" class="AttributionLink"&gt;↑&lt;/a&gt;
				
			&lt;/div&gt;
		
		&lt;blockquote class="quoteContainer"&gt;&lt;div class="quote"&gt;до Європи нам ще дуууже далеко, і що тут дивуватись автомобілістьам якщо велосипедисти туплять&lt;/div&gt;&lt;div class="quoteExpand"&gt;Натисніть, щоб розгорнути...&lt;/div&gt;&lt;/blockquote&gt;
	&lt;/aside&gt;
&lt;/div&gt;Ну не кажіть і для чого грохати стільки грошей з бюджету міста та мешканцям його терпіти розриті тротуари, дороги, якщо суспільство не готове до комфорту?
					&lt;div class="messageTextEndMarker"&gt; &lt;/div&gt;
				&lt;/blockquote&gt;
			&lt;/article&gt;</article></item>
</items>